Kontonummer;Kontonavn;Inngående balanse 2026-01-01;Jan;Feb;Mars;April;Mai;Juni;Juli;Aug;Sept;2026-09-17;2025-09-17;Endring - 2025-09-17
1005;"Forskning og utvikling, egenutviklet";5648573,00;5648573,00;5648573,00;5648573,00;5648573,00;5648573,00;5648573,00;5648573,00;5648573,00;5648573,00;5648573,00;12210820,21;-6562247,21
1200;"Maskiner og anlegg";27800,00;27800,00;27800,00;27800,00;27800,00;27800,00;27800,00;27800,00;27800,00;27800,00;27800,00;40438,61;-12638,61
1201;"Pressverktøy";4596800,00;4596800,00;4596800,00;4596800,00;4596800,00;4596800,00;4596800,00;4596800,00;4596800,00;4596800,00;4596800,00;4755264,83;-158464,83
1500;"Kundefordringer";476706,29;272281,29;69119,29;479206,62;272281,29;272281,29;272281,29;272281,29;272281,29;272281,29;272281,29;513739,36;-241458,07
1577;"Lån til Brandtt Group B.V.";57812,54;57812,54;57812,54;57812,54;57812,54;57812,54;57812,54;57812,54;57812,54;57812,54;57812,54;57812,54;0,00
1579;"Andre kortsiktige fordringer";260542,04;260542,04;153943,04;153943,04;153943,04;153943,04;153943,04;153943,04;153943,04;153943,04;153943,04;1199206,00;-1045262,96
1670;"Krav på offentlige tilskudd - Skattefunn";507180,00;507180,00;507180,00;507180,00;507180,00;507180,00;507180,00;507180,00;507180,00;507180,00;507180,00;1258329,76;-751149,76
1740;"Forskuddsbetalt lønn";71486,66;71486,66;71486,66;71486,66;71486,66;71486,66;0,00;0,00;0,00;0,00;0,00;0,00;0,00
1742;"Forskuddsbetalt pensjonsforsikring";2591,00;0,00;0,00;0,00;0,00;0,00;0,00;0,00;0,00;0,00;0,00;0,00;0,00
1749;"Andre forskuddsbetalte kostnader";21949,00;4887,00;0,00;0,00;0,00;0,00;0,00;0,00;0,00;0,00;0,00;0,00;0,00
1920;"Handelsbanken 9051 13 17753 - Bedriftskonto";565953,95;383611,37;408790,05;113716,54;375540,67;130316,85;55255,35;28818,98;27490,33;1816,83;1816,83;167508,23;-165691,40
1924;"Sparebank 1 .36297";0,00;0,00;9283,00;13497,00;15501,00;18241,00;19992,00;22042,00;47042,00;72042,00;72042,00;0,50;72041,50
1950;"Bankinnskudd for skattetrekk  .35883";97836,20;285,20;285,20;285,20;285,20;285,20;285,20;285,20;285,20;285,20;285,20;74175,20;-73890,00
2000;"Aksjekapital";-33832,78;-33832,78;-33832,78;-33832,78;-33832,78;-33832,78;-33832,78;-33832,78;-33832,78;-33832,78;-33832,78;-31072,54;-2760,24
2010;"Egne aksjer";1832,10;1832,10;1832,10;1832,10;1832,10;1832,10;1832,10;1832,10;1832,10;1832,10;1832,10;1556,51;275,59
2020;"Overkurs";-5117039,76;-5117039,76;-5117039,76;-5117039,76;-5117039,76;-5117039,76;-5117039,76;-5117039,76;-5117039,76;-5117039,76;-5117039,76;0,00;-5117039,76
2030;"Innskutt kapital transaksjoner med egne aksjer";-1191554,96;-1191554,96;-1191554,96;-1191554,96;-1191554,96;-1191554,96;-1191554,96;-1191554,96;-1191554,96;-1191554,96;-1191554,96;-1191554,96;0,00
2031;"Annen innskutt egnkapital";5570,00;5570,00;5570,00;5570,00;5570,00;5570,00;5570,00;5570,00;5570,00;5570,00;5570,00;5570,00;0,00
2032;"Ikke registrert kapitalforhøyelse";0,00;0,00;0,00;0,00;0,00;0,00;0,00;0,00;0,00;0,00;0,00;-5119800,00;5119800,00
2080;"Udekket tap";1597704,72;1597704,72;1597704,72;1597704,72;1597704,72;1597704,72;1597704,72;1597704,72;1597704,72;1597704,72;1597704,72;5142475,21;-3544770,49
2082;"Endring av prinsipp";0,00;0,00;0,00;0,00;0,00;0,00;0,00;0,00;0,00;0,00;0,00;-3544770,49;3544770,49
3000;"Salgsinntekt, avgiftspliktig";-6013180,61;-6013180,61;-6013180,61;-6013180,61;-6013180,61;-6013180,61;-6013180,61;-6013180,61;-6013180,61;-6013180,61;-6013180,61;-5144420,61;-868760,00
3002;"Salgsinntekt, avgiftspliktig, lav sats";-7843,46;-7843,46;-7843,46;-7843,46;-7843,46;-7843,46;-7843,46;-7843,46;-7843,46;-7843,46;-7843,46;-7843,46;0,00
3090;"Opptjent, ikke fakturert inntekt";-2321992,38;-2321992,38;-2321992,38;-2321992,38;-2321992,38;-2321992,38;-2321992,38;-2321992,38;-2321992,38;-2321992,38;-2321992,38;-1349102,84;-972889,54
3107;"Salgsinntekt utførsel av varer og tjenester, avgiftsfri";-2336326,34;-2336326,34;-2336326,34;-2336326,34;-2336326,34;-2336326,34;-2336326,34;-2336326,34;-2336326,34;-2336326,34;-2336326,34;-2194541,50;-141784,84
3120;"Salgsinntekt strømsalg, avgiftspliktig";-3091,89;-3091,89;-3091,89;-168632,15;-168632,15;-168632,15;-168632,15;-168632,15;-168632,15;-168632,15;-168632,15;-3091,89;-165540,26
3200;"Salgsinntekt, utenfor avgiftsområdet";-31338,46;-31338,46;-31338,46;-31338,46;-31338,46;-31338,46;-31338,46;-31338,46;-31338,46;-31338,46;-31338,46;-31338,46;0,00
4000;"Innkjøp av råvarer og halvfabrikater";2269591,31;2322228,40;2322228,40;2322228,40;2322228,40;2322228,40;2322228,40;2322228,40;2322228,40;2322228,40;2322228,40;2778264,13;-456035,73
4001;"Innkjøp av råvarer og halvfabrikata";487921,15;487921,15;487921,15;487921,15;487921,15;487921,15;487921,15;487921,15;487921,15;487921,15;487921,15;487921,15;0,00
4060;"Frakt, toll og spedisjon";604436,39;604436,39;604436,39;604436,39;604436,39;604436,39;604436,39;604436,39;604436,39;604436,39;604436,39;604034,39;402,00
4090;"Beholdningsendring";6298523,54;6298523,54;6298523,54;6298523,54;6298523,54;6298523,54;6298523,54;6298523,54;6298523,54;6298523,54;6298523,54;0,00;6298523,54
4160;"Frakt, toll og spedisjon";640,00;640,00;640,00;640,00;640,00;640,00;640,00;640,00;640,00;640,00;640,00;640,00;0,00
4360;"Frakt, toll og spedisjon";4195,00;4195,00;4195,00;4195,00;4195,00;4195,00;4195,00;4195,00;4195,00;4195,00;4195,00;4195,00;0,00
4381;"Grunnlag mva innførsel";0,00;62842,00;62842,00;62842,00;62842,00;62842,00;62842,00;62842,00;62842,00;62842,00;62842,00;0,00;62842,00
4382;"Grunnlag mva innførsel - motkonto";0,00;-62842,00;-62842,00;-62842,00;-62842,00;-62842,00;-62842,00;-62842,00;-62842,00;-62842,00;-62842,00;0,00;-62842,00
4390;"Beholdningsendring";-6298523,54;-6298523,54;-6298523,54;-6298523,54;-6298523,54;-6298523,54;-6298523,54;-6298523,54;-6298523,54;-6298523,54;-6298523,54;-6298523,54;0,00
4500;"Fremmedytelse og underentreprise";1171281,27;1226281,27;1226281,27;1226281,27;1226281,27;1226281,27;1226281,27;1226281,27;1226281,27;1226281,27;1226281,27;1395169,09;-168887,82
5000;"Lønn til ansatte";11455193,87;11511745,87;11511745,87;11511745,87;11511745,87;11511745,87;11511745,87;11511745,87;11511745,87;11511745,87;11511745,87;10752064,87;759681,00
5001;"Reduksjon lønnskostnad - skattefunn";-480861,00;-480861,00;-480861,00;-480861,00;-480861,00;-480861,00;-480861,00;-480861,00;-480861,00;-480861,00;-480861,00;0,00;-480861,00
5020;"Feriepenger";1463072,91;1469859,15;1469859,15;1469859,15;1469859,15;1469859,15;1469859,15;1469859,15;1469859,15;1469859,15;1469859,15;1378697,43;91161,72
5210;"Fri telefon";54534,00;54534,00;54534,00;54534,00;54534,00;54534,00;54534,00;54534,00;54534,00;54534,00;54534,00;53070,00;1464,00
5220;"Fri avis";56498,46;56498,46;56498,46;56498,46;56498,46;56498,46;56498,46;56498,46;56498,46;56498,46;56498,46;46608,88;9889,58
5290;"Motkonto for gruppe 52";-111032,46;-111032,46;-111032,46;-111032,46;-111032,46;-111032,46;-111032,46;-111032,46;-111032,46;-111032,46;-111032,46;-99678,88;-11353,58
5320;"Annen oppgavepliktig personalforsikring";3195,00;3195,00;3195,00;3195,00;3195,00;3195,00;3195,00;3195,00;3195,00;3195,00;3195,00;0,00;3195,00
5395;"Annen oppgavepliktig godtgjørelse - ikke arbeidsgiveravgiftspliktig";50000,00;50000,00;50000,00;50000,00;50000,00;50000,00;50000,00;50000,00;50000,00;50000,00;50000,00;50000,00;0,00
5400;"Arbeidsgiveravgift";1890453,85;1898793,01;1896641,35;1896641,35;1896641,35;1896641,35;1895669,29;1895669,29;1895669,29;1895669,29;1895669,29;1786114,44;109554,85
5401;"Arbeidsgiveravgift av opptjente feriepenger";206293,39;207250,25;207250,25;207250,25;207250,25;207250,25;207250,25;207250,25;207250,25;207250,25;207250,25;194396,43;12853,82
5402;"Ekstra arbeidsgiveravgift";14175,77;14175,77;14175,77;14175,77;14175,77;14175,77;14175,77;14175,77;14175,77;14175,77;14175,77;14175,77;0,00
5510;"Trekkpliktig del av reise";4909,65;4909,65;4909,65;4909,65;4909,65;4909,65;4909,65;4909,65;4909,65;4909,65;4909,65;4909,65;0,00
5800;"Refusjon av sykepenger";-84113,00;-84113,00;-99373,00;-99373,00;-99373,00;-99373,00;-106267,00;-106267,00;-106267,00;-106267,00;-106267,00;-31793,00;-74474,00
5890;"Annen refusjon";-268441,00;-268441,00;-268441,00;-268441,00;-268441,00;-268441,00;-268441,00;-268441,00;-268441,00;-268441,00;-268441,00;-268441,00;0,00
5910;"Kantinekostnad";52954,88;52954,88;52954,88;52954,88;52954,88;52954,88;52954,88;52954,88;52954,88;52954,88;52954,88;52644,88;310,00
5920;"Yrkesskadeforsikring";81917,00;81917,00;81917,00;81917,00;81917,00;81917,00;81917,00;81917,00;81917,00;81917,00;81917,00;107061,00;-25144,00
5945;"Pensjonsforsikring for ansatte";1068368,00;1070959,00;1070959,00;1070959,00;1070959,00;1070959,00;1070959,00;1070959,00;1070959,00;1070959,00;1070959,00;1013591,00;57368,00
5990;"Annen personalkostnad";84100,46;84100,46;84100,46;84100,46;84100,46;84100,46;84100,46;84100,46;84100,46;84100,46;84100,46;84100,46;0,00
6011;"Avskrivning FoU";27702136,14;27702136,14;27702136,14;27702136,14;27702136,14;27702136,14;27702136,14;27702136,14;27702136,14;27702136,14;27702136,14;21139903,76;6562232,38
6012;"Reduksjon avskrivning FoU";-23612048,62;-23612048,62;-23612048,62;-23612048,62;-23612048,62;-23612048,62;-23612048,62;-23612048,62;-23612048,62;-23612048,62;-23612048,62;-17162232,67;-6449815,95
6015;"Avskrivning på maskiner";214396,70;214396,70;214396,70;214396,70;214396,70;214396,70;214396,70;214396,70;214396,70;214396,70;214396,70;43293,26;171103,44
6017;"Avskrivning på inventar";103225,69;103225,69;103225,69;103225,69;103225,69;103225,69;103225,69;103225,69;103225,69;103225,69;103225,69;73744,06;29481,63
6100;"Frakt, transportkostnad og forsikring ved vareforsendelse";19440,39;19440,39;19440,39;19440,39;19440,39;19440,39;19440,39;19440,39;19440,39;19440,39;19440,39;19440,39;0,00
6110;"Toll og spedisjonskostnad ved vareforsendelse";858,00;858,00;858,00;858,00;858,00;858,00;858,00;858,00;858,00;858,00;858,00;858,00;0,00
6200;"Elektrisitet";119908,58;119908,58;119908,58;119908,58;119908,58;119908,58;119908,58;119908,58;119908,58;119908,58;119908,58;117231,46;2677,12
6300;"Leie lokale";1802350,32;1802350,32;1802350,32;1802350,32;1802350,32;1802350,32;1802350,32;1802350,32;1802350,32;1802350,32;1802350,32;1802350,32;0,00
6360;"Renhold";33258,15;33258,15;33258,15;33258,15;33258,15;33258,15;33258,15;33258,15;33258,15;33258,15;33258,15;33258,15;0,00
6390;"Annen kostnad lokaler";182019,31;182019,31;182019,31;182019,31;182019,31;182019,31;182019,31;182019,31;182019,31;182019,31;182019,31;169913,76;12105,55
6400;"Leie maskiner";127483,66;127483,66;127483,66;127483,66;127483,66;127483,66;127483,66;127483,66;127483,66;127483,66;127483,66;118200,46;9283,20
6440;"Leie transportmidler";111191,90;111191,90;111191,90;111191,90;111191,90;111191,90;111191,90;111191,90;111191,90;111191,90;111191,90;111191,90;0,00
6490;"Annen leiekostnad";13166,12;13166,12;13166,12;13166,12;13166,12;13166,12;13166,12;13166,12;13166,12;13166,12;13166,12;11190,82;1975,30
6500;"Motordrevet verktøy";9525,90;9525,90;9525,90;9525,90;9525,90;9525,90;9525,90;9525,90;9525,90;9525,90;9525,90;9525,90;0,00
6510;"Håndverktøy";19041,36;19041,36;19041,36;19041,36;19041,36;19041,36;19041,36;19041,36;19041,36;19041,36;19041,36;19041,36;0,00
6520;"Hjelpeverktøy";50803,72;50803,72;50803,72;50803,72;50803,72;50803,72;50803,72;50803,72;50803,72;50803,72;50803,72;50803,72;0,00
6530;"Spesialverktøy";8200,00;8200,00;8200,00;8200,00;8200,00;8200,00;8200,00;8200,00;8200,00;8200,00;8200,00;8200,00;0,00
6540;"Inventar";101510,49;101510,49;101510,49;101510,49;101510,49;101510,49;101510,49;101510,49;101510,49;101510,49;101510,49;101510,49;0,00
6550;"Driftsmateriale";-14870,40;-14870,40;-14870,40;-3171,10;-3171,10;-3171,10;-3171,10;-3171,10;-3171,10;-3171,10;-3171,10;0,00;-3171,10
6551;"Datautstyr (hardware)";569,54;569,54;569,54;569,54;569,54;569,54;569,54;569,54;569,54;569,54;569,54;569,54;0,00
6552;"Programvare (software)";103541,44;106454,44;106454,44;106454,44;106454,44;114728,79;119626,79;119626,79;124365,69;124365,69;124365,69;100325,44;24040,25
6560;"Rekvisita(prod. prototype)";-1288327,39;-1288327,39;-1288327,39;-1288327,39;-1288327,39;-1288327,39;-1288327,39;-1288327,39;-1288327,39;-1288327,39;-1288327,39;263438,40;-1551765,79
6561;"Rekvisita - annet";137867,34;137867,34;137867,34;137867,34;137867,34;137867,34;137867,34;137867,34;137867,34;137867,34;137867,34;137867,34;0,00
6570;"Arbeidsklær og verneutstyr";11197,82;11197,82;11197,82;11197,82;11197,82;11197,82;11197,82;11197,82;11197,82;11197,82;11197,82;11197,82;0,00
6590;"Annet driftsmateriale";77519,05;77519,05;77519,05;77519,05;77519,05;77519,05;77519,05;77519,05;77519,05;77519,05;77519,05;75586,33;1932,72
6600;"Reparasjon og vedlikehold bygninger";7687,75;7687,75;7687,75;7687,75;7687,75;7687,75;7687,75;7687,75;7687,75;7687,75;7687,75;7687,75;0,00
6620;"Reparasjon og vedlikehold utstyr";9943,01;9943,01;9943,01;9943,01;9943,01;9943,01;9943,01;9943,01;9943,01;9943,01;9943,01;9943,01;0,00
6701;"Honorar revisjon";297125,60;297125,60;297125,60;297125,60;297125,60;297125,60;297125,60;297125,60;297125,60;297125,60;297125,60;271125,60;26000,00
6702;"Honorar rådgivning revisjon";36862,50;36862,50;36862,50;36862,50;36862,50;36862,50;36862,50;36862,50;36862,50;36862,50;36862,50;36862,50;0,00
6725;"Honorar for juridisk bistand, fradragsberettiget";414572,33;414572,33;414572,33;414572,33;414572,33;414572,33;414572,33;414572,33;414572,33;414572,33;414572,33;414572,33;0,00
6790;"Annen fremmed tjeneste";62471,00;62471,00;62471,00;62471,00;62471,00;62471,00;62471,00;62471,00;62471,00;62471,00;62471,00;12471,00;50000,00
6791;"SuRE (FoU)";1835752,09;1835752,09;1835752,09;1835752,09;1835752,09;1835752,09;1835752,09;1835752,09;1835752,09;1835752,09;1835752,09;1024169,88;811582,21
6800;"Kontorrekvisita";6561,92;6561,92;6561,92;6561,92;6561,92;6561,92;6561,92;6561,92;6561,92;6561,92;6561,92;6561,92;0,00
6810;"Data/EDB-kostnad";46291,11;46291,11;46291,11;46291,11;46291,11;46291,11;46291,11;46291,11;46291,11;46291,11;46291,11;46291,11;0,00
6860;"Møte, kurs, oppdatering o.l.";115727,98;115727,98;115727,98;115727,98;115727,98;115727,98;115727,98;115727,98;115727,98;115727,98;115727,98;115727,98;0,00
6890;"Annen kontorkostnad";18612,53;18612,53;18612,53;18612,53;18612,53;18612,53;18612,53;18612,53;18612,53;18612,53;18612,53;18612,53;0,00
6900;"Telefon og bredbånd";161285,48;162138,50;162596,80;163055,10;163513,40;164437,43;164895,73;165354,03;165354,03;165354,03;165354,03;157497,75;7856,28
6940;"Porto";4289,14;4289,14;4289,14;4289,14;4289,14;4289,14;4289,14;4289,14;4289,14;4289,14;4289,14;4289,14;0,00
7000;"Drivstoff, selskapets transportmidler";9766,36;9766,36;9766,36;9766,36;9766,36;9766,36;9766,36;9766,36;9766,36;9766,36;9766,36;9766,36;0,00
7020;"Vedlikehold, selskapets transportmidler";3323,00;3323,00;3323,00;3323,00;3323,00;3323,00;3323,00;3323,00;3323,00;3323,00;3323,00;3323,00;0,00
7070;"Drivstoff, transportmidler";2875,97;2875,97;2875,97;2875,97;2875,97;2875,97;2875,97;2875,97;2875,97;2875,97;2875,97;2875,97;0,00
7090;"Annen kostnad, selskapets transportmidler";1512,90;1512,90;1512,90;1512,90;1512,90;1512,90;1512,90;1512,90;1512,90;1512,90;1512,90;1512,90;0,00
7100;"Bilgodtgjørelse oppgavepliktig";10148,99;10148,99;10148,99;10148,99;10148,99;10148,99;10148,99;10148,99;10148,99;10148,99;10148,99;10148,99;0,00
7130;"Reisekostnad, oppgavepliktig";2175,00;2175,00;2175,00;2175,00;2175,00;2175,00;2175,00;2175,00;2175,00;2175,00;2175,00;2175,00;0,00
7140;"Reisekostnad, ikke oppgavepliktig";252276,20;252276,20;252276,20;254922,40;254922,40;254922,40;254922,40;254922,40;254922,40;254922,40;254922,40;244861,97;10060,43
7150;"Diettkostnad, oppgavepliktig";494,00;494,00;494,00;494,00;494,00;494,00;494,00;494,00;494,00;494,00;494,00;494,00;0,00
7160;"Diettkostnad, ikke oppgavepliktig";11322,99;11322,99;11322,99;11994,79;11994,79;11994,79;11994,79;11994,79;11994,79;11994,79;11994,79;11322,99;671,80
7320;"Reklamekostnad";34461,54;34461,54;34461,54;34461,54;34461,54;34461,54;34461,54;34461,54;34461,54;34461,54;34461,54;34461,54;0,00
7400;"Kontingent, fradragsberettiget";26000,00;26000,00;26000,00;26000,00;26000,00;26000,00;26000,00;26000,00;26000,00;26000,00;26000,00;26000,00;0,00
7740;"Øredifferanser";-23,29;-25,57;-24,59;-24,59;-22,94;-22,94;-23,35;-23,35;-23,35;-23,35;-23,35;-34,81;11,46
7770;"Bank og kortgebyrer";29493,50;30332,50;33566,00;34428,50;35393,70;36239,70;37100,20;38136,70;38908,40;39581,90;39581,90;24289,50;15292,40
7790;"Annen kostnad, fradragsberettiget";39065,93;39065,93;39065,93;61565,93;61565,93;61565,93;61565,93;61565,93;75015,93;75015,93;75015,93;39012,83;36003,10
7791;"Annen kostnad, ikke fradragsberettiget";7022,10;7022,10;7022,10;7022,10;7022,10;7022,10;7022,10;7022,10;7022,10;7022,10;7022,10;759,20;6262,90
8040;"Renteinntekt, skattefri";-23497,00;-23497,00;-23497,00;-23497,00;-23497,00;-23497,00;-23497,00;-23497,00;-23497,00;-23497,00;-23497,00;-22,00;-23475,00
8050;"Annen renteinntekt";-11085,00;-11085,00;-11085,00;-11085,00;-11085,00;-11085,00;-11085,00;-11085,00;-11085,00;-11085,00;-11085,00;-9432,00;-1653,00
8060;"Valutagevinst (agio)";-70325,67;-70325,67;-70325,67;-70325,67;-70325,67;-70325,67;-70325,67;-70325,67;-70325,67;-70325,67;-70325,67;-70275,45;-50,22
8070;"Annen finansinntekt";-9124,00;-9124,00;-9124,00;-9124,00;-9124,00;-9124,00;-9124,00;-9124,00;-9124,00;-9124,00;-9124,00;-9124,00;0,00
8150;"Annen rentekostnad";938261,20;938261,20;938261,20;938261,20;938261,20;938261,20;938348,20;939118,68;939118,68;939118,68;939118,68;1229765,85;-290647,17
8151;"Renter lån Innovasjon Norge";102714,58;126778,85;126778,85;126778,85;147376,58;147376,58;147376,58;164721,27;164721,27;164721,27;164721,27;0,00;164721,27
8152;"Renter lån Spb1 *74075";316283,00;339108,00;385441,00;406067,00;428903,00;451003,00;474092,00;496882,00;496882,00;496882,00;496882,00;0,00;496882,00
8160;"Valutatap (disagio)";168312,20;168658,97;168658,97;168658,97;168658,97;168658,97;168658,97;168658,97;168658,97;168658,97;168658,97;166305,54;2353,43
8170;"Annen finanskostnad";83913,00;83913,00;83913,00;83913,00;83913,00;83913,00;83913,00;83913,00;83913,00;83913,00;83913,00;83738,00;175,00
8990;"Udekket tap";-14178393,56;-14178393,56;-14178393,56;-14178393,56;-14178393,56;-14178393,56;-14178393,56;-14178393,56;-14178393,56;-14178393,56;-14178393,56;-14178393,56;0,00
2160;"Uopptjent inntekt";-5146838,00;-5146838,00;-5146838,00;-5146838,00;-5146838,00;-5146838,00;-5146838,00;-5146838,00;-5146838,00;-5146838,00;-5146838,00;-12355557,91;7208719,91
2220;"Innovasjon Norge risikolån";-1209090,88;-1036363,60;-1036363,60;-1036363,60;-863636,32;-863636,32;-863636,32;-690909,04;-690909,04;-690909,04;-690909,04;-1381818,15;690909,11
2222;"Lån 1080.89.74075 Sparebank 1";-3360973,00;-3360973,00;-3360973,00;-3360973,00;-3360973,00;-3360973,00;-3360973,00;-3360973,00;-3360973,00;-3360973,00;-3360973,00;-3447152,00;86179,00
2400;"Leverandørgjeld";-751018,36;-878019,96;-1033048,30;-1050548,29;-1244546,17;-1036389,89;-1036011,16;-1226866,61;-1035351,29;-1035351,29;-1035351,29;-3365074,29;2329723,00
2499;"Leverandører - interimskonto";0,00;0,00;-29333,00;0,00;0,00;0,00;0,00;0,00;0,00;0,00;0,00;0,00;0,00
2600;"Forskuddstrekk";-97551,00;0,00;0,00;0,00;0,00;0,00;0,00;0,00;0,00;0,00;0,00;-73916,00;73916,00
2700;"Utgående merverdiavgift, høy sats";-96385,00;-96385,00;-96385,00;-137770,07;-96385,00;-96385,00;-96385,00;-96385,00;-96385,00;-96385,00;-96385,00;-89570,63;-6814,37
2702;"Utgående merverdiavgift, lav sats";0,00;0,00;0,00;0,00;0,00;0,00;0,00;0,00;0,00;0,00;0,00;-915,50;915,50
2703;"Utgående merverdiavgift kjøp av tjenester fra utlandet, høy sats";0,00;0,00;0,00;0,00;0,00;0,00;0,00;0,00;0,00;0,00;0,00;-7945,12;7945,12
2705;"Utgående merverdiavgift innførsel, høy sats";0,00;0,00;0,00;0,00;0,00;0,00;0,00;0,00;0,00;0,00;0,00;-11831,75;11831,75
2710;"Inngående merverdiavgift, høy sats";-1675,48;13016,02;-1675,48;1363,92;-1675,48;507,68;-1675,48;-1560,91;-376,18;-376,18;-376,18;322685,60;-323061,78
2712;"Inngående merverdiavgift, lav sats";428,38;428,38;428,38;494,13;428,38;428,38;428,38;428,38;428,38;428,38;428,38;49,28;379,10
2740;"Oppgjørskonto merverdiavgift";0,00;0,00;174921,00;174921,00;56150,00;56150,00;97839,00;97839,00;97839,00;97839,00;97839,00;-303782,00;401621,00
2770;"Skyldig arbeidsgiveravgift";-52963,00;-18830,00;-16679,00;0,00;0,00;0,00;-14668,00;-14668,00;0,00;0,00;0,00;-74302,00;74302,00
2785;"Påløpt arbeidsgiveravgift på ferielønn";-30741,04;-21204,78;-21204,78;-21204,78;-21204,78;-21204,78;-5564,08;-5564,08;-5564,08;-5564,08;-5564,08;-27190,99;21626,91
2900;"Forskudd fra kunder";0,00;0,00;0,00;0,00;0,00;0,00;0,00;0,00;0,00;0,00;0,00;-66737,29;66737,29
2910;"Gjeld til ansatte og eiere";0,00;0,00;0,00;0,00;0,00;0,00;71486,66;71486,66;71486,66;71486,66;71486,66;71494,31;-7,65
2921;"Mellomregning Kodeworks AS";-388985,02;-388985,02;-388985,02;-392368,77;-392368,77;-392368,77;-492368,77;-492368,77;-742368,77;-742368,77;-742368,77;0,00;-742368,77
2940;"Skyldig feriepenger";-218020,71;-150387,70;-150387,70;-150387,70;-150387,70;-150387,70;-39460,80;-39460,80;-39460,80;-39460,80;-39460,80;-192843,20;153382,40
2950;"Påløpt rente";-54181,56;-54181,56;-54181,56;-54181,56;-54181,56;-54181,56;-54181,56;-54181,56;-54181,56;-54181,56;-54181,56;0,00;-54181,56
2960;"Annen påløpt kostnad";-269553,04;-269553,04;0,00;0,00;0,00;0,00;0,00;0,00;0,00;0,00;0,00;-6360,04;6360,04
2965;"Forskuddsbetalt inntekt";-2083995,64;-2083995,64;-2083995,64;-2083995,64;-2083995,64;-2083995,64;-2083995,64;-2083995,64;-2083995,64;-2083995,64;-2083995,64;-3056885,18;972889,54
2990;"Annen kortsiktig gjeld";0,00;0,00;0,00;0,00;0,00;0,00;0,00;0,00;0,00;0,00;0,00;-184689,00;184689,00
