Saldobalanse 2025 - SUNLIT SEA AS,,,,,,
Nr,Kontotekst,Referansekonto,Importerte tall,Sluttposteringer,2025,2024
1005,"Forskning og utvikling, egenutviklet","1005 Aktiverte utviklingskostnader, egenutviklet",5648573.0,16053080.44,21701653.44,12210820.21
1200,Maskiner og anlegg,1200 Maskiner og anlegg (saldogruppe d),27800.0,0,27800.0,40438.61
1201,Pressverktøy,1290 Andre driftsmidler,4596800.0,0,4596800.0,4755264.83
1250,Inventar,"1250 Inventar, verktøy o.l. (saldogruppe d)",0,0,0,20324.01
1280,Kontormaskiner,1280 Kontormaskiner o.l. (saldogruppe a),0,0,0,9157.62
1380,Fordringer på ansatte,1570 Andre kortsiktige fordringer / 2990 Annen kortsiktig gjeld,0,0,0,1010.02
1400,Råvarer,1400 Råvarer og innkjøpte halvfabrikata,0,0,0,6298523.54
1500,Kundefordringer,1500 Kundefordringer / 2900 Forskudd fra kunder,476706.29,0,476706.29,376526.81
1530,"Opptjent, ikke fakturert driftsinntekt",1530 Opptjente ikke fakturerte driftsinntekter / 2900 Forskudd fra kunder,0,0,0,3091.89
1577,Lån til Brandtt Group B.V.,1570 Andre kortsiktige fordringer / 2990 Annen kortsiktig gjeld,57812.54,0,57812.54,109391.56
1579,Andre kortsiktige fordringer,1570 Andre kortsiktige fordringer / 2990 Annen kortsiktig gjeld,260542.04,0,260542.04,1411457.2
1580,Avsetning tap på kundefordringer,1580 Avsetning tap på kundefordringer,0,-272281.29,-272281.29,0
1670,Krav på offentlige tilskudd - Skattefunn,1671 Krav FoU Skattefunn,507180.0,0,507180.0,1258329.76
1740,Forskuddsbetalt lønn,1700 Forskuddsbetalt kostnad / 2960 Annen påløpt kostnad,71486.66,0,71486.66,0
1742,Forskuddsbetalt pensjonsforsikring,1700 Forskuddsbetalt kostnad / 2960 Annen påløpt kostnad,2591.0,0,2591.0,28288.0
1749,Andre forskuddsbetalte kostnader,1700 Forskuddsbetalt kostnad / 2960 Annen påløpt kostnad,21949.0,0,21949.0,0
1920,Handelsbanken 9051 13 17753 - Bedriftskonto,1920 Bankinnskudd / 2380 Kassakreditt,565953.95,0,565953.95,3399932.99
1921,Bankinnskudd kortkonto,1920 Bankinnskudd / 2380 Kassakreditt,0,0,0,1683.06
1924,Sparebank 1 .36297,1920 Bankinnskudd / 2380 Kassakreditt,0,0,0,248.5
1950,Bankinnskudd for skattetrekk  .35883,1950 Bankinnskudd for skattetrekk,97836.2,0,97836.2,46684.2
2000,Aksjekapital,2000 Aksjekapital/Egenkapital andre foretak,-33832.78,0,-33832.78,-31072.54
2010,Egne aksjer,2010 Egne aksjer,1832.1,0,1832.1,1453.28
2020,Overkurs,2020 Overkurs,-5117039.76,4453092.0,-663947.76,0
2030,Innskutt kapital transaksjoner med egne aksjer,2030 Annen innskutt egenkapital,-1191554.96,1191554.96,0,-1291351.73
2031,Annen innskutt egnkapital,2030 Annen innskutt egenkapital,5570.0,-5570.0,0,5570.0
2032,Ikke registrert kapitalforhøyelse,2001 Ikke registrert kapitalforhøyelse,0,0,0,-5119800.0
2080,Udekket tap,2080 Udekket tap,1597704.72,-1597704.72,0,5142475.21
2082,Endring av prinsipp,2080 Udekket tap,0,0,0,-3544770.49
2160,Uopptjent inntekt,2160 Uopptjent inntekt,-5146838.0,-13658538.04,-18805376.04,-12355557.91
2220,Innovasjon Norge risikolån,2220 Gjeld til kredittinstitusjoner,-1209090.88,0,-1209090.88,-1900000.0
2222,Lån 1080.89.74075 Sparebank 1,2220 Gjeld til kredittinstitusjoner,-3360973.0,0,-3360973.0,-3447152.0
2400,Leverandørgjeld,2400 Leverandørgjeld,-751018.36,0,-751018.36,-4300004.22
2600,Forskuddstrekk,2600 Forskuddstrekk,-97551.0,0,-97551.0,-139811.0
2700,"Utgående merverdiavgift, høy sats","2700 Utgående merverdiavgift, høy sats, MVA-kode 3",-96385.0,0,-96385.0,-90310.63
2702,"Utgående merverdiavgift, lav sats","2702 Utgående merverdiavgift, lav sats. MVA-kode 33",0,0,0,-915.5
2703,"Utgående merverdiavgift kjøp av tjenester fra utlandet, høy sats","2703 Utgående merverdiavgift, kjøp av tjenester fra utlandet, omvendt avg.pl., høy sats, MVA-kode 86 og 87",0,0,0,-7945.12
2705,"Utgående merverdiavgift innførsel, høy sats","2706 Utgående merverdiavgift, innførsel av varer, høy sats, MVA-kode 81 og 82",0,0,0,-11831.75
2710,"Inngående merverdiavgift, høy sats","2710 Inngående merverdiavgift, høy sats, MVA-kode 1",-1675.48,0,-1675.48,321727.89
2712,"Inngående merverdiavgift, lav sats","2712 Inngående merverdiavgift, lav sats, MVA-kode 13",428.38,0,428.38,49.28
2740,Oppgjørskonto merverdiavgift,2740 Oppgjørskonto merverdiavgift / ,0,0,0,205693.0
2770,Skyldig arbeidsgiveravgift,2770 Skyldig arbeidsgiveravgift,-52963.0,0,-52963.0,-94839.0
2785,Påløpt arbeidsgiveravgift på ferielønn,"2785 Påløpt arbeidsgiveravgift, ferielønn",-30741.04,0,-30741.04,-45131.48
2900,Forskudd fra kunder,2900 Forskudd fra kunder,0,0,0,-66737.29
2910,Gjeld til ansatte og eiere,2910 Gjeld til ansatte / 1570 Andre kortsiktige fordringer,0,0,0,176055.12
2921,Mellomregning Kodeworks AS,2990 Annen kortsiktig gjeld / 1570 Andre kortsiktige fordringer,-388985.02,0,-388985.02,0
2940,Skyldig feriepenger,"2940 Påløpte feriepenger, AGA, opplysningspliktig",-218020.71,0,-218020.71,-320080.75
2950,Påløpt rente,"2950 Påløpt rente / 1760 Påløpt, ikke forfalt renteinntekt",-54181.56,0,-54181.56,0
2960,Annen påløpt kostnad,2960 Annen påløpt kostnad / 1700 Forskuddsbetalt kostnad,-269553.04,0,-269553.04,0
2965,Forskuddsbetalt inntekt,2969 Forskuddsbetalt inntekt / 1700 Forskuddsbetalt kostnad,-2083995.64,0,-2083995.64,-3056885.18
3000,"Salgsinntekt, avgiftspliktig","3020 Salgsinntekt tjenester, avgiftspliktig, høy sats, MVA-kode 3",-2483401.91,0,-2483401.91,-2368825.0
3002,"Salgsinntekt, avgiftspliktig, lav sats","3050 Salgsinntekt tjenester, avgiftspliktig, lav sats, MVA-kode 33",0,0,0,-214.29
3090,"Opptjent, ikke fakturert inntekt","3059 Opptjent, ikke fakturert inntekt",-969797.65,758903.96,-210893.69,-1352194.73
3107,"Salgsinntekt utførsel av varer og tjenester, avgiftsfri","3130 Salgsinntekter eksport av varer, avgiftsfri, MVA-kode 52",-401816.13,0,-401816.13,-523865.23
3120,"Salgsinntekt strømsalg, avgiftspliktig","3120 Salgsinntekt tjenester, avgiftsfri, MVA-kode 5",-3091.89,0,-3091.89,0
3200,"Salgsinntekt, utenfor avgiftsområdet","3200 Salgsinntekt handelsvarer, utenfor avgiftsområdet, MVA-kode 6",0,0,0,-7911.89
4000,Innkjøp av råvarer og halvfabrikater,"4000 Innkjøp av varer og halvfabrikata, høy avgiftssats",-74997.31,0,-74997.31,336990.62
4060,"Frakt, toll og spedisjon","4060 Frakt, toll og spedisjon",39278.72,0,39278.72,176773.53
4090,Beholdningsendring,4390 Beholdningsendring varer for videresalg,6298523.54,0,6298523.54,0
4360,"Frakt, toll og spedisjon","4360 Frakt, toll og spedisjon",0,0,0,1794.0
4390,Beholdningsendring,4390 Beholdningsendring varer for videresalg,0,0,0,-1760362.88
4500,Fremmedytelse og underentreprise,4500 Fremmedytelse og underentreprise,-169490.06,0,-169490.06,-31234.29
5000,Lønn til ansatte,"5000 Lønn til ansatte, variabel, AGA, opplysningspliktig, feriepengegrunnlag",2310155.75,0,2310155.75,1930259.16
5001,Reduksjon lønnskostnad - skattefunn,"5999 Annen personalkostnad, ikke fradragsberettiget",-480861.0,0,-480861.0,0
5020,Feriepenger,"5092 Feriepenger, variabel, AGA, opplysningspliktig",277218.68,0,277218.68,320080.75
5095,Periodisering av lønn,"5092 Feriepenger, variabel, AGA, opplysningspliktig",0,0,0,-13024.0
5096,Periodisering av feriepenger,"5092 Feriepenger, variabel, AGA, opplysningspliktig",0,0,0,-1562.88
5210,Fri telefon,"5210 Fri telefon, AGA, opplysningspliktig",5124.0,0,5124.0,10980.0
5220,Fri avis,"5220 Fri avis, AGA, opplysningspliktig",9889.58,0,9889.58,10723.5
5290,Motkonto for gruppe 52,5290 Motkonto for gruppe 52,-15013.58,0,-15013.58,-21703.5
5320,Annen oppgavepliktig personalforsikring,5310 Opplysningspliktige godtgjørelser - kostnadskonto utenfor AGA-avstemming,3195.0,0,3195.0,0
5395,Annen oppgavepliktig godtgjørelse - ikke arbeidsgiveravgiftspliktig,5390 Annen opplysningspliktig godtgjørelse - kostnadskonto utenfor AGA-avstemming,0,0,0,50000.0
5400,Arbeidsgiveravgift,5400 Arbeidsgiveravgift,355027.66,0,355027.66,426902.27
5401,Arbeidsgiveravgift av opptjente feriepenger,5400 Arbeidsgiveravgift,39087.86,0,39087.86,45131.41
5402,Ekstra arbeidsgiveravgift,5400 Arbeidsgiveravgift,0,0,0,8456.55
5495,Periodisering av arbeidsgiveravgift,5400 Arbeidsgiveravgift,0,0,0,-1836.38
5496,Periodisering av arbeidsgiveravgift av opptjente feriepenger,5400 Arbeidsgiveravgift,0,0,0,-220.37
5510,Trekkpliktig del av reise,"5510 Km-godtgj. og diett, AGA, opplysningspliktig",0,0,0,163.87
5800,Refusjon av sykepenger,"5800 Refusjon av sykepenger, AGA, ikke opplysningspliktig",-52320.0,0,-52320.0,0
5890,Annen refusjon,"5809 Refusjon av sykepenger, ikke AGA, ikke opplysningspliktig",0,0,0,-268441.0
5910,Kantinekostnad,5910 Kantinekostnad,5143.64,0,5143.64,535.8
5920,Yrkesskadeforsikring,5920 Yrkesskadeforsikring,-1753.0,0,-1753.0,21353.0
5945,Pensjonsforsikring for ansatte,"5425 OTP/Pensjoner, AGA, ikke opplysningspliktig",245077.0,0,245077.0,223468.0
5990,Annen personalkostnad,5990 Annen personalkostnad,5363.14,0,5363.14,3288.07
6011,Avskrivning FoU,6020 Avskrivning på immaterielle eiendeler,6562232.38,-6562232.38,0,7655081.14
6012,Reduksjon avskrivning FoU,6020 Avskrivning på immaterielle eiendeler,-6449815.95,6449815.95,0,-6449818.12
6015,Avskrivning på maskiner,"6010 Avskrivning på transportmidler, maskiner og inventar",171103.44,0,171103.44,14034.34
6017,Avskrivning på inventar,"6010 Avskrivning på transportmidler, maskiner og inventar",29481.63,0,29481.63,5078.5
6100,"Frakt, transportkostnad og forsikring ved vareforsendelse","6100 Frakt, transportkostnad og forsikring ved vareforsendelse",19440.39,0,19440.39,0
6200,Elektrisitet,6200 Elektrisitet,23213.57,0,23213.57,49580.76
6300,Leie lokale,6300 Leie lokale,313005.0,0,313005.0,525453.6
6360,Renhold,6360 Renhold,14233.33,0,14233.33,16280.2
6390,Annen kostnad lokaler,6390 Annen kostnad lokaler,38839.2,0,38839.2,59252.56
6400,Leie maskiner,6400 Leie maskiner,55708.8,0,55708.8,15882.79
6440,Leie transportmidler,6440 Leasingleie av bil,7290.0,0,7290.0,21358.68
6490,Annen leiekostnad,6490 Annen leiekostnad,4114.3,0,4114.3,9051.82
6500,Motordrevet verktøy,6500 Verktøy,0,0,0,623.5
6510,Håndverktøy,6500 Verktøy,0,0,0,19041.36
6520,Hjelpeverktøy,6500 Verktøy,0,0,0,20679.85
6540,Inventar,6540 Inventar,0,0,0,5684.53
6550,Driftsmateriale,6550 Driftsmaterialer,-14870.4,0,-14870.4,0
6552,Datautstyr (software),6552 Programvare anskaffelse,19560.06,0,19560.06,16489.38
6560,Rekvisita(prod. prototype),6560 Rekvisita,-1493244.05,0,-1493244.05,41834.33
6561,Rekvisita - annet,6560 Rekvisita,38453.49,0,38453.49,42044.12
6570,Arbeidsklær og verneutstyr,6570 Arbeidsklær og verneutstyr,2442.72,0,2442.72,3266.38
6590,Annet driftsmateriale,6590 Annet driftsmateriale,48067.56,0,48067.56,29451.49
6701,Honorar revisjon,6701 Revisjonshonorar,116625.6,0,116625.6,78725.0
6702,Honorar rådgivning revisjon,"6702 Revisor, honorar for annen bistand",20000.0,0,20000.0,0
6725,"Honorar for juridisk bistand, fradragsberettiget","6725 Honorar for juridisk bistand, fradragsberettiget",0,0,0,77184.33
6790,Annen fremmed tjeneste,6790 Annen fremmed tjeneste,50000.0,0,50000.0,0
6791,SuRE (FoU),6790 Annen fremmed tjeneste,817942.25,-791623.25,26319.0,1017809.84
6800,Kontorrekvisita,6800 Kontorrekvisita,0,0,0,1710.72
6810,Data/EDB-kostnad,6800 Kontorrekvisita,0,0,0,4944.16
6860,"Møte, kurs, oppdatering o.l.","6860 Møter, kurs, oppdatering o.l.",95206.16,0,95206.16,12502.4
6890,Annen kontorkostnad,6890 Annen kontorkostnad,1383.2,0,1383.2,5029.2
6900,Telefon og bredbånd,6900 Telefon,35050.47,0,35050.47,42400.73
6940,Porto,6940 Porto,0,0,0,251.2
7000,"Drivstoff, selskapets transportmidler",7000 Drivstoff transportmidler,5863.74,0,5863.74,0
7070,"Drivstoff, transportmidler",7040 Forsikring og avgifter transportmidler,0,0,0,2875.97
7100,Bilgodtgjørelse oppgavepliktig,"7100 Bilgodtgjørelse, ikke AGA, opplysningspliktig",0,0,0,585.24
7140,"Reisekostnad, ikke oppgavepliktig","7140 Reisekostnader, ikke opplysningspliktig",96144.59,0,96144.59,88840.49
7160,"Diettkostnad, ikke oppgavepliktig","7160 Diettkostnad, ikke opplysningspliktig",10472.26,0,10472.26,850.73
7320,Reklamekostnad,7320 Reklamekostnad,7500.0,0,7500.0,15265.0
7400,"Kontingent, fradragsberettiget","7400 Kontingent, fradragsberettiget",0,0,0,8500.0
7740,Øredifferanser,"7790 Annen kostnad, fradragsberettiget",4.6,-14.83,-10.23,-17.56
7770,Bank og kortgebyrer,7770 Bank- og kortgebyr,11250.5,0,11250.5,7317.5
7790,"Annen kostnad, fradragsberettiget","7790 Annen kostnad, fradragsberettiget",33943.1,0,33943.1,1801.44
7791,"Annen kostnad, ikke fradragsberettiget","7799 Annen kostnad, ikke fradragsberettiget",6262.9,0,6262.9,0
7799,Prosjektkostnader Skattefunn - ikke fradrag ,"7799 Annen kostnad, ikke fradragsberettiget",0,-26319.0,-26319.0,0
7831,Endring i avsetning tap på fordringer,7839 Endring i avsetning i tap på fordringer,0,272281.29,272281.29,0
8040,"Renteinntekt, skattefri",8040 Renteinntekt tilbakebetalt skatt,-23475.0,0,-23475.0,0
8050,Annen renteinntekt,8050 Annen renteinntekt,-1653.0,0,-1653.0,-3778.0
8060,Valutagevinst (agio),8060 Valutagevinst (agio),-6073.94,0,-6073.94,-22466.0
8070,Annen finansinntekt,8070 Annen finansinntekt,-2379.0,0,-2379.0,-3295.0
8150,Annen rentekostnad,8150 Annen rentekostnad,133417.51,0,133417.51,454696.13
8151,Renter lån Innovasjon Norge,8151 Renter/provisjon kassakreditt,102714.58,0,102714.58,0
8152,Renter lån Spb1 *74075,8151 Renter/provisjon kassakreditt,316283.0,0,316283.0,0
8160,Valutatap (disagio),8160 Valutatap (disagio),3752.32,0,3752.32,9055.78
8170,Annen finanskostnad,8170 Annen finanskostnad,3600.0,0,3600.0,76528.0
8960,Overføringer annen egenkapital,8960 Overføringer annen egenkapital,0,-6264445.09,-6264445.09,0
8990,Udekket tap,8990 Udekket tap,0,0,0,-1193172.6
SUM SALDOBALANSE DEBET/KREDIT,,,0,0,0,0
